,price,year,dong,area,region_code,region_name,per_price
0,"20,000",2021,동삼동,53.85,26200,부산광역시 영도구,371.4020427112349
1,"13,600",2021,동삼동,74.79,26200,부산광역시 영도구,181.84249231180638
2,"20,000",2021,양정동,49.46,26230,부산광역시 부산진구,404.36716538617065
3,"24,300",2021,양정동,49.0228,26230,부산광역시 부산진구,495.68772081562054
4,"23,400",2021,온천동,62.1691,26260,부산광역시 동래구,376.39277390214755
5,"19,100",2021,온천동,59.83,26260,부산광역시 동래구,319.23784054822
6,"18,000",2021,온천동,48.9373,26260,부산광역시 동래구,367.81759516769415
7,"31,000",2021,금곡동,59.77,26320,부산광역시 북구,518.6548435670069
8,"18,500",2021,구포동,59.8889,26320,부산광역시 북구,308.9053230231312
9,"13,000",2021,장림동,84.43,26380,부산광역시 사하구,153.97370602866278
10,"15,000",2021,구평동,59.7627,26380,부산광역시 사하구,250.99267603371334
11,"11,700",2021,감천동,61.2,26380,부산광역시 사하구,191.17647058823528
12,"38,000",2021,명지동,84.97,26440,부산광역시 강서구,447.21666470519006
13,"21,300",2021,지사동,75.2397,26440,부산광역시 강서구,283.09522765242286
14,"22,000",2021,지사동,75.2397,26440,부산광역시 강서구,292.3988266832537
15,"26,000",2021,신호동,84.998,26440,부산광역시 강서구,305.88955034236096
16,"56,000",2021,광안동,116.68,26500,부산광역시 수영구,479.94514912581417
17,"16,500",2021,광안동,37.76,26500,부산광역시 수영구,436.97033898305085
18,"16,500",2021,광안동,37.76,26500,부산광역시 수영구,436.97033898305085
19,"43,000",2021,침산동,59.9977,27230,대구광역시 북구,716.6941399420311
20,"16,900",2021,동천동,59.99,27230,대구광역시 북구,281.7136189364894
21,"16,600",2021,관음동,59.9037,27230,대구광역시 북구,277.11143051263946
22,"14,600",2021,관음동,59.82,27230,대구광역시 북구,244.06552992310264
23,"23,450",2021,수성동1가,59.93,27260,대구광역시 수성구,391.2898381445019
24,"17,870",2021,황금동,39.8353,27260,대구광역시 수성구,448.5970985532932
25,"18,094",2021,황금동,39.8353,27260,대구광역시 수성구,454.22025188714537
26,"26,230",2021,황금동,49.846,27260,대구광역시 수성구,526.2207599406171
27,"25,679",2021,황금동,49.846,27260,대구광역시 수성구,515.1667134775108
28,"18,310",2021,황금동,39.8353,27260,대구광역시 수성구,459.64257831621705
29,"27,500",2021,신흥동3가,45.287,28110,인천광역시 중구,607.2382803011902
30,"61,000",2021,중산동,84.9777,28110,인천광역시 중구,717.8353850480773
31,"10,000",2021,간석동,16.01,28200,인천광역시 남동구,624.6096189881324
32,"16,000",2021,간석동,31.73,28200,인천광역시 남동구,504.25464859754175
33,"22,000",2021,간석동,46.93,28200,인천광역시 남동구,468.7832942680588
34,"18,300",2021,부평동,44.9,28237,인천광역시 부평구,407.57238307349667
35,"20,100",2021,부평동,48.81,28237,인천광역시 부평구,411.80086047940995
36,"13,000",2021,효성동,49.935,28245,인천광역시 계양구,260.33843997196357
37,"71,500",2021,용종동,127.05,28245,인천광역시 계양구,562.7705627705628
38,"39,700",2021,경서동,84.5496,28260,인천광역시 서구,469.5468695298381
39,"42,700",2021,오류동,84.8531,28260,인천광역시 서구,503.22262828346874
40,"15,000",2021,계림동,49.9942,29110,광주광역시 동구,300.0348040372683
41,"20,000",2021,계림동,59.8997,29110,광주광역시 동구,333.8914886051182
42,"27,000",2021,학동,39.9183,29110,광주광역시 동구,676.3815092326075
43,"27,000",2021,학동,39.9183,29110,광주광역시 동구,676.3815092326075
44,"21,000",2021,백운동,151.8,29155,광주광역시 남구,138.3399209486166
45,"9,900",2021,백운동,59.04,29155,광주광역시 남구,167.6829268292683
46,"15,000",2021,주월동,59.88,29155,광주광역시 남구,250.501002004008
47,"9,500",2021,주월동,40.119,29155,광주광역시 남구,236.7955332884668
48,"5,800",2021,진월동,32.16,29155,광주광역시 남구,180.34825870646767
49,"31,000",2021,운암동,133.47,29170,광주광역시 북구,232.2619315201918
50,"15,300",2021,운암동,59.92,29170,광주광역시 북구,255.34045393858477
51,"4,500",2021,문흥동,30.33,29170,광주광역시 북구,148.3679525222552
52,"10,000",2021,문흥동,59.76,29170,광주광역시 북구,167.33601070950468
53,"14,000",2021,문흥동,59.99,29170,광주광역시 북구,233.37222870478413
54,"44,900",2021,각화동,76.7843,29170,광주광역시 북구,584.7549564168717
55,"40,800",2021,각화동,59.9411,29170,광주광역시 북구,680.6681892724691
56,"7,100",2021,두암동,41.85,29170,광주광역시 북구,169.65352449223417
57,"7,500",2021,두암동,41.85,29170,광주광역시 북구,179.21146953405017
58,"19,500",2021,삼각동,83.67,29170,광주광역시 북구,233.05844388669775
59,"9,500",2021,매곡동,59.94,29170,광주광역시 북구,158.49182515849182
60,"13,500",2021,일곡동,48.45,29170,광주광역시 북구,278.6377708978328
61,"10,000",2021,송정동,59.94,29200,광주광역시 광산구,166.83350016683352
62,"10,600",2021,우산동,49.86,29200,광주광역시 광산구,212.5952667468913
63,"10,240",2021,쌍암동,33.1446,29200,광주광역시 광산구,308.94927077110606
64,"30,500",2021,신창동,84.9873,29200,광주광역시 광산구,358.87714988004086
65,"36,400",2021,신창동,73.9152,29200,광주광역시 광산구,492.4562201008724
66,"55,500",2021,장덕동,84.9411,29200,광주광역시 광산구,653.3939400360955
67,"74,500",2021,산정동,133.02,29200,광주광역시 광산구,560.0661554653435
68,"19,800",2021,월곡동,74,29200,광주광역시 광산구,267.56756756756755
69,"7,700",2021,선화동,35.0096,30140,대전광역시 중구,219.9396736895023
70,"8,300",2021,선화동,35.0096,30140,대전광역시 중구,237.0778300808921
71,"51,000",2021,목동,84.9201,30140,대전광역시 중구,600.5645306588193
72,"9,000",2021,사정동,59.96,30140,대전광역시 중구,150.10006671114076
73,"8,600",2021,탄방동,36.24,30170,대전광역시 서구,237.30684326710815
74,"8,000",2021,둔산동,42.84,30170,대전광역시 서구,186.74136321195144
75,"24,000",2021,둔산동,41.82,30170,대전광역시 서구,573.8880918220947
76,"29,500",2021,오정동,84.56,30230,대전광역시 대덕구,348.8647114474929
77,"6,800",2021,목상동,63,30230,대전광역시 대덕구,107.93650793650794
78,"14,000",2021,목상동,59.96,30230,대전광역시 대덕구,233.48899266177452
79,"15,500",2021,무거동,59.76,31140,울산광역시 남구,259.3708165997323
80,"7,500",2021,신정동,19.24,31140,울산광역시 남구,389.81288981288986
81,"31,200",2021,달동,84.975,31140,울산광역시 남구,367.16681376875556
82,"12,800",2021,화정동,65.76,31170,울산광역시 동구,194.647201946472
83,"6,500",2021,전하동,79.51,31170,울산광역시 동구,81.75072317947428
84,"9,000",2021,매곡동,59.75,31200,울산광역시 북구,150.6276150627615
85,"27,200",2021,신천동,84.9421,31200,울산광역시 북구,320.2181250522415
86,"46,200",2021,달천동,123.829,31200,울산광역시 북구,373.0951554159365
87,"36,500",2021,산하동,84.75,31200,울산광역시 북구,430.67846607669617
88,"26,800",2021,명촌동,71.6649,31200,울산광역시 북구,373.9627069876606
89,"28,500",2021,명촌동,84.5532,31200,울산광역시 북구,337.0658946083649
90,"13,100",2021,온양읍 대안리,84.33,31710,울산광역시 울주군,155.3421083837306
91,"30,000",2021,온양읍 망양리,74.9966,31710,울산광역시 울주군,400.01813415541505
92,"7,800",2021,온양읍 망양리,45.073,31710,울산광역시 울주군,173.05260355423425
93,"29,500",2021,삼남읍 교동리,101.3889,31710,울산광역시 울주군,290.9588722236852
94,"43,000",2021,소담동,59.9734,36110,세종특별자치시,716.984529808215
95,"60,000",2021,소담동,84.6347,36110,세종특별자치시,708.9290799163937
96,"31,000",2021,고운동,59.6866,36110,세종특별자치시,519.3795592310502
97,"3,900",2021,조치원읍 신안리,28.168,36110,세종특별자치시,138.45498437943766
98,"4,200",2021,조치원읍 신안리,28.168,36110,세종특별자치시,149.10536779324056
99,"10,000",2021,인계동,17.19,41115,경기도 수원시 팔달구,581.7335660267597
100,"6,000",2021,인계동,11.721,41115,경기도 수원시 팔달구,511.9017148707448
101,"5,500",2021,인계동,11.721,41115,경기도 수원시 팔달구,469.2432386315161
102,"4,600",2021,인계동,11.721,41115,경기도 수원시 팔달구,392.4579814009044
103,"4,800",2021,인계동,11.721,41115,경기도 수원시 팔달구,409.52137189659584
104,"64,500",2021,호원동,84.579,41150,경기도 의정부시,762.600645550314
105,"10,500",2021,호원동,15.64,41150,경기도 의정부시,671.3554987212276
106,"46,500",2021,신곡동,70.79,41150,경기도 의정부시,656.8724396101144
107,"23,950",2021,용현동,44.91,41150,경기도 의정부시,533.288799821866
108,"10,000",2021,안양동,23.79,41171,경기도 안양시 만안구,420.34468263976464
109,"15,300",2021,안양동,21.02,41171,경기도 안양시 만안구,727.8782112274025
110,"13,700",2021,도당동,47.19,41190,경기도 부천시,290.31574486119945
111,"35,950",2021,중동,59.9798,41190,경기도 부천시,599.3684540461956
112,"55,800",2021,괴안동,79.44,41190,경기도 부천시,702.4169184290031
113,"25,920",2021,옥길동,59.95,41190,경기도 부천시,432.36030025020847
114,"26,209",2021,옥길동,59.95,41190,경기도 부천시,437.1809841534612
115,"25,628",2021,옥길동,59.6,41190,경기도 부천시,430.0
116,"25,352",2021,옥길동,59.95,41190,경기도 부천시,422.8857381150959
117,"25,861",2021,옥길동,59.95,41190,경기도 부천시,431.3761467889908
118,"25,130",2021,옥길동,59.6,41190,경기도 부천시,421.6442953020134
119,"25,541",2021,옥길동,59.6,41190,경기도 부천시,428.5402684563758
120,"25,216",2021,옥길동,59.6,41190,경기도 부천시,423.0872483221476
121,"8,500",2021,지산동,27.04,41220,경기도 평택시,314.3491124260355
122,"19,700",2021,비전동,72.48,41220,경기도 평택시,271.79911699779245
123,"45,000",2021,소사동,84.772,41220,경기도 평택시,530.8356532817439
124,"38,000",2021,소사동,59.875,41220,경기도 평택시,634.6555323590815
125,"17,000",2021,포승읍 도곡리,59.9642,41220,경기도 평택시,283.5024898189253
126,"3,700",2021,포승읍 만호리,23.63,41220,경기도 평택시,156.58061785865425
127,"3,800",2021,포승읍 만호리,23.63,41220,경기도 평택시,160.8125264494287
128,"5,700",2021,생연동,32.89,41250,경기도 동두천시,173.30495591365155
129,"18,000",2021,생연동,59.81,41250,경기도 동두천시,300.95301788998495
130,"70,500",2021,신원동,64.9773,41281,경기도 고양시 덕양구,1084.9942980086892
131,"34,300",2021,성사동,57,41281,경기도 고양시 덕양구,601.7543859649123
132,"33,000",2021,고양동,84.93,41281,경기도 고양시 덕양구,388.55528081949836
133,"26,500",2021,중산동,49.77,41285,경기도 고양시 일산동구,532.4492666264817
134,"6,200",2021,사리현동,38.52,41285,경기도 고양시 일산동구,160.95534787123572
135,"22,000",2021,호평동,59.93,41360,경기도 남양주시,367.0949441014517
136,"19,000",2021,금곡동,43.2,41360,경기도 남양주시,439.8148148148148
137,"42,700",2021,화도읍 묵현리,84.974,41360,경기도 남양주시,502.5066490926636
138,"43,500",2021,화도읍 묵현리,84.974,41360,경기도 남양주시,511.92129357215146
139,"10,700",2021,원동,61.92,41370,경기도 오산시,172.80361757105942
140,"10,600",2021,갈곶동,39.84,41370,경기도 오산시,266.0642570281124
141,"54,000",2021,덕풍동,59.4,41450,경기도 하남시,909.0909090909091
142,"151,000",2021,풍산동,96.9876,41450,경기도 하남시,1556.900057326916
143,"140,000",2021,풍산동,96.3851,41450,경기도 하남시,1452.5066633743184
144,"8,800",2021,창전동,54.27,41500,경기도 이천시,162.15220195319696
145,"9,500",2021,갈산동,40.26,41500,경기도 이천시,235.96621957277696
146,"15,000",2021,송정동,59.5,41500,경기도 이천시,252.10084033613447
147,"13,700",2021,장호원읍 장호원리,78.52,41500,경기도 이천시,174.47784004075396
148,"10,000",2021,부발읍 마암리,59.74,41500,경기도 이천시,167.39203213927016
149,"9,000",2021,부발읍 신하리,57.24,41500,경기도 이천시,157.2327044025157
150,"12,000",2021,부발읍 응암리,49.545,41500,경기도 이천시,242.20405691795338
151,"61,000",2021,운양동,72.7719,41570,경기도 김포시,838.2356376568428
152,"50,000",2021,사우동,84.98,41570,경기도 김포시,588.3737349964697
153,"48,793",2021,마산동,59.9836,41570,경기도 김포시,813.4390066618208
154,"45,792",2021,마산동,59.9982,41570,경기도 김포시,763.2228966869006
155,"51,246",2021,구래동,84.926,41570,경기도 김포시,603.4194475190166
156,"44,937",2021,구래동,59.495,41570,경기도 김포시,755.3071686696361
157,"62,000",2021,구래동,84.9592,41570,경기도 김포시,729.7620504901176
158,"61,000",2021,구래동,84.8559,41570,경기도 김포시,718.865747696978
159,"75,900",2021,목동,84.9723,41590,경기도 화성시,893.2322651028629
160,"59,000",2021,남양읍 남양리,84.9938,41590,경기도 화성시,694.1682805098725
161,"43,500",2021,쌍령동,134.76,41610,경기도 광주시,322.7960819234194
162,"60,000",2021,태전동,134.935,41610,경기도 광주시,444.6585392966984
163,"12,850",2021,곤지암읍 삼리,35.63,41610,경기도 광주시,360.65113668257084
164,"30,000",2021,광사동,125.49,41630,경기도 양주시,239.0628735357399
165,"40,000",2021,덕정동,93.93,41630,경기도 양주시,425.84903651655486
166,"34,000",2021,고암동,75.98,41630,경기도 양주시,447.4861805738352
167,"22,000",2021,광적면 가납리,59.9935,41630,경기도 양주시,366.7063931925959
168,"7,300",2021,신읍동,39.95,41650,경기도 포천시,182.72841051314143
169,"23,400",2021,신읍동,84.9645,41650,경기도 포천시,275.40914146496476
170,"5,400",2021,신북면 기지리,50.67,41650,경기도 포천시,106.57193605683837
171,"10,500",2021,오학동,52.06,41670,경기도 여주시,201.69035728006145
172,"10,900",2021,가남읍 신해리,59.77,41670,경기도 여주시,182.36573531872176
173,"11,200",2021,효자동,59.96,42110,강원도 춘천시,186.7911941294196
174,"22,300",2021,사농동,84.99,42110,강원도 춘천시,262.38380985998356
175,"17,500",2021,후평동,84.694,42110,강원도 춘천시,206.62620728741115
176,"31,700",2021,후평동,84.9904,42110,강원도 춘천시,372.98330164347976
177,"14,800",2021,온의동,59.91,42110,강원도 춘천시,247.0372225004173
178,"12,000",2021,온의동,59.86,42110,강원도 춘천시,200.46775810223855
179,"9,000",2021,석사동,49.86,42110,강원도 춘천시,180.50541516245488
180,"12,800",2021,석사동,46.99,42110,강원도 춘천시,272.3983826346031
181,"7,000",2021,신북읍 천전리,37.35,42110,강원도 춘천시,187.41633199464525
182,"15,000",2021,명륜동,84.88,42130,강원도 원주시,176.72007540056552
183,"8,000",2021,단구동,58.65,42130,강원도 원주시,136.40238704177324
184,"13,400",2021,단구동,58.65,42130,강원도 원주시,228.47399829497016
185,"17,700",2021,단구동,84.99,42130,강원도 원주시,208.2597952700318
186,"13,000",2021,단구동,59.85,42130,강원도 원주시,217.2096908939014
187,"24,900",2021,우산동,84.989,42130,강원도 원주시,292.97909141182976
188,"7,500",2021,태장동,49.61,42130,강원도 원주시,151.17919774239064
189,"3,400",2021,태장동,28.14,42130,강원도 원주시,120.82444918265814
190,"6,500",2021,태장동,63,42130,강원도 원주시,103.17460317460318
191,"54,500",2021,무실동,124.1326,42130,강원도 원주시,439.0466323914911
192,"23,500",2021,무실동,59.92,42130,강원도 원주시,392.18958611481975
193,"14,300",2021,관설동,59.85,42130,강원도 원주시,238.93065998329155
194,"3,500",2021,문막읍 포진리,46.57,42130,강원도 원주시,75.1556796220743
195,"3,500",2021,문막읍 포진리,46.57,42130,강원도 원주시,75.1556796220743
196,"29,400",2021,지정면 가곡리,59.9996,42130,강원도 원주시,490.00326668844457
197,"10,500",2021,판부면 서곡리,39.06,42130,강원도 원주시,268.81720430107526
198,"28,100",2021,교동,59.74,42150,강원도 강릉시,470.3716103113492
199,"7,200",2021,포남동,57.5172,42150,강원도 강릉시,125.17994617262315
200,"44,000",2021,송정동,84.8863,42150,강원도 강릉시,518.3404153555991
201,"20,000",2021,견소동,59.99,42150,강원도 강릉시,333.3888981496916
202,"5,600",2021,노암동,32.04,42150,강원도 강릉시,174.78152309612983
203,"10,500",2021,입암동,49.97,42150,강원도 강릉시,210.12607564538723
204,"7,300",2021,연곡면 영진리,43.2,42150,강원도 강릉시,168.98148148148147
205,"7,550",2021,천곡동,69.36,42170,강원도 동해시,108.85236447520185
206,"6,200",2021,쇄운동,39.08,42170,강원도 동해시,158.6489252814739
207,"7,500",2021,부곡동,53.303,42170,강원도 동해시,140.70502598352815
208,"26,890",2021,교동,74.3839,42210,강원도 속초시,361.50295964583734
209,"35,400",2021,조양동,79.4635,42210,강원도 속초시,445.48755088814363
210,"4,900",2021,사직동,59.45,42230,강원도 삼척시,82.42220353238015
211,"5,500",2021,정상동,39.87,42230,강원도 삼척시,137.9483320792576
212,"3,200",2021,양양읍 거마리,25.45,42830,강원도 양양군,125.73673870333988
213,"12,000",2021,현북면 중광정리,38.6106,42830,강원도 양양군,310.7954810337058
214,"33,000",2021,강현면 강선리,84.98,42830,강원도 양양군,388.32666509767
215,"6,673",2021,북문로2가동,18.975,43111,충청북도 청주시 상당구,351.6732542819499
216,"7,346",2021,북문로2가동,20.725,43111,충청북도 청주시 상당구,354.45114595898673
217,"2,050",2021,영운동,22.93,43111,충청북도 청주시 상당구,89.40252943741822
218,"17,200",2021,금천동,59.2962,43111,충청북도 청주시 상당구,290.06917812608566
219,"17,200",2021,금천동,59.2962,43111,충청북도 청주시 상당구,290.06917812608566
220,"8,500",2021,용암동,49.8,43111,충청북도 청주시 상당구,170.68273092369478
221,"21,500",2021,용암동,84.9538,43111,충청북도 청주시 상당구,253.0787322050338
222,"2,300",2021,사직동,22.2,43112,충청북도 청주시 서원구,103.6036036036036
223,"2,300",2021,사직동,22.2,43112,충청북도 청주시 서원구,103.6036036036036
224,"18,000",2021,분평동,84.95,43112,충청북도 청주시 서원구,211.8893466745144
225,"15,500",2021,수곡동,59.4,43112,충청북도 청주시 서원구,260.94276094276097
226,"4,700",2021,운천동,19.977,43113,충청북도 청주시 흥덕구,235.27056114531712
227,"10,200",2021,봉명동,42.85,43113,충청북도 청주시 흥덕구,238.0396732788798
228,"12,000",2021,봉명동,39.72,43113,충청북도 청주시 흥덕구,302.11480362537765
229,"11,500",2021,비하동,45.32,43113,충청북도 청주시 흥덕구,253.75110326566636
230,"3,900",2021,강내면 황탄리,39.15,43113,충청북도 청주시 흥덕구,99.6168582375479
231,"8,700",2021,강내면 월곡리,59.9,43113,충청북도 청주시 흥덕구,145.24207011686144
232,"14,400",2021,내덕동,84.99,43114,충청북도 청주시 청원구,169.43169784680552
233,"2,200",2021,내수읍 은곡리,38.61,43114,충청북도 청주시 청원구,56.98005698005698
234,"35,000",2021,오창읍 각리,84.573,43114,충청북도 청주시 청원구,413.84366168871867
235,"3,000",2021,호암동,26.01,43130,충청북도 충주시,115.34025374855824
236,"7,400",2021,연수동,53.58,43130,충청북도 충주시,138.11123553564764
237,"6,000",2021,연수동,44.13,43130,충청북도 충주시,135.96193065941534
238,"5,200",2021,연수동,47.37,43130,충청북도 충주시,109.77411864048976
239,"7,000",2021,연수동,53.58,43130,충청북도 충주시,130.64576334453156
240,"5,450",2021,연수동,47.37,43130,충청북도 충주시,115.05172049820563
241,"7,750",2021,연수동,44.13,43130,충청북도 충주시,175.6174937684115
242,"14,800",2021,연수동,74.19,43130,충청북도 충주시,199.48780159051086
243,"22,800",2021,문화동,84.98,43130,충청북도 충주시,268.2984231583902
244,"7,900",2021,문화동,84.96,43130,충청북도 충주시,92.98493408662901
245,"17,000",2021,대소원면 본리,59.2483,43130,충청북도 충주시,286.9280637587914
246,"26,000",2021,중앙탑면 용전리,59.9959,43130,충청북도 충주시,433.36294646800866
247,"10,000",2021,동현동,84.93,43150,충청북도 제천시,117.74402449075708
248,"3,800",2021,청전동,35.52,43150,충청북도 제천시,106.98198198198197
249,"3,800",2021,청전동,35.52,43150,충청북도 제천시,106.98198198198197
250,"7,500",2021,장락동,49.77,43150,충청북도 제천시,150.6931886678722
251,"23,000",2021,장락동,60.6993,43150,충청북도 제천시,378.9170550566481
252,"48,600",2021,천남동,176.7304,43150,충청북도 제천시,274.99513383096513
253,"11,000",2021,진천읍 교성리,49.85,43750,충청북도 진천군,220.6619859578736
254,"12,900",2021,진천읍 신정리,58.32,43750,충청북도 진천군,221.19341563786008
255,"8,950",2021,진천읍 성석리,59.73,43750,충청북도 진천군,149.84095094592334
256,"3,000",2021,진천읍 성석리,29.25,43750,충청북도 진천군,102.56410256410257
257,"8,000",2021,음성읍 읍내리,84.95,43770,충청북도 음성군,94.17304296645085
258,"2,700",2021,금왕읍 내송리,33.75,43770,충청북도 음성군,80.0
259,"42,000",2021,용곡동,152.049,44131,충청남도 천안시 동남구,276.22674269478915
260,"8,450",2021,신방동,39.27,44131,충청남도 천안시 동남구,215.1769798828622
261,"22,700",2021,신부동,84.516,44131,충청남도 천안시 동남구,268.58819631785695
262,"4,500",2021,신부동,23.81,44131,충청남도 천안시 동남구,188.9962200755985
263,"19,700",2021,안서동,51.382,44131,충청남도 천안시 동남구,383.40274804406215
264,"3,300",2021,목천읍 서리,35.79,44131,충청남도 천안시 동남구,92.20452640402347
265,"3,000",2021,목천읍 신계리,39.95,44131,충청남도 천안시 동남구,75.0938673341677
266,"4,000",2021,목천읍 신계리,39.95,44131,충청남도 천안시 동남구,100.12515644555694
267,"4,150",2021,북면 상동리,47.36,44131,충청남도 천안시 동남구,87.6266891891892
268,"3,700",2021,병천면 탑원리,46.2,44131,충청남도 천안시 동남구,80.08658008658008
269,"16,000",2021,성정동,47.01,44133,충청남도 천안시 서북구,340.35311635822165
270,"4,950",2021,성정동,19.4575,44133,충청남도 천안시 서북구,254.40061672876783
271,"35,000",2021,두정동,101.945,44133,충청남도 천안시 서북구,343.32237971455197
272,"25,400",2021,두정동,59.9045,44133,충청남도 천안시 서북구,424.0082130724737
273,"17,700",2021,쌍용동,59.68,44133,충청남도 천안시 서북구,296.5817694369973
274,"21,000",2021,쌍용동,84.56,44133,충청남도 천안시 서북구,248.34437086092714
275,"16,500",2021,성환읍 성월리,84.96,44133,충청남도 천안시 서북구,194.20903954802262
276,"8,900",2021,성환읍 율금리,59.735,44133,충청남도 천안시 서북구,148.99137858876705
277,"11,000",2021,성거읍 저리,59.42,44133,충청남도 천안시 서북구,185.12285425782565
278,"24,000",2021,동대동,84.95,44180,충청남도 보령시,282.51912889935255
279,"33,800",2021,궁촌동,155.1617,44180,충청남도 보령시,217.83726267500293
280,"10,900",2021,장존동,59.988,44200,충청남도 아산시,181.7030072681203
281,"10,600",2021,용화동,39.69,44200,충청남도 아산시,267.0697908793147
282,"45,000",2021,용화동,126.567,44200,충청남도 아산시,355.5429140297234
283,"13,000",2021,음봉면 산동리,59.52,44200,충청남도 아산시,218.41397849462365
284,"7,000",2021,둔포면 송용리,47.487,44200,충청남도 아산시,147.4087645039695
285,"5,800",2021,둔포면 송용리,39.797,44200,충청남도 아산시,145.73962861522227
286,"15,500",2021,신창면 행목리,84.9721,44200,충청남도 아산시,182.41281550061726
287,"4,400",2021,신창면 남성리,59.94,44200,충청남도 아산시,73.40674007340674
288,"2,300",2021,신창면 남성리,30.42,44200,충청남도 아산시,75.60815253122945
289,"7,000",2021,인지면 둔당리,59.67,44210,충청남도 서산시,117.31188201776436
290,"3,600",2021,인지면 둔당리,39.66,44210,충청남도 서산시,90.77155824508321
291,"26,000",2021,성연면 왕정리,84.9408,44210,충청남도 서산시,306.09553948161545
292,"4,800",2021,음암면 부산리,38.826,44210,충청남도 서산시,123.62849636841291
293,"3,200",2021,부창동,39.69,44230,충청남도 논산시,80.62484252960444
294,"15,800",2021,내동,84.98,44230,충청남도 논산시,185.92610025888445
295,"35,700",2021,내동,84.59,44230,충청남도 논산시,422.03570161957674
296,"7,500",2021,강산동,48.6,44230,충청남도 논산시,154.320987654321
297,"36,000",2021,읍내동,150.1581,44270,충청남도 당진시,239.74730633911858
298,"24,500",2021,원당동,84.9429,44270,충청남도 당진시,288.4290505739738
299,"6,000",2021,신평면 거산리,58.59,44270,충청남도 당진시,102.40655401945725
300,"4,500",2021,신평면 거산리,39.6,44270,충청남도 당진시,113.63636363636363
301,"6,700",2021,송산면 유곡리,59.34,44270,충청남도 당진시,112.90866194809571
302,"8,000",2021,예산읍 산성리,66.42,44810,충청남도 예산군,120.44564890093345
303,"3,200",2021,오가면 신석리,40.95,44810,충청남도 예산군,78.14407814407814
304,"17,800",2021,태안읍 남문리,84.958,44825,충청남도 태안군,209.51528990795453
305,"3,600",2021,태안읍 삭선리,47.36,44825,충청남도 태안군,76.01351351351352
306,"3,850",2021,서서학동,38.88,45111,전라북도 전주시 완산구,99.02263374485597
307,"23,400",2021,중화산동2가,83.2434,45111,전라북도 전주시 완산구,281.1033667534003
308,"37,000",2021,중화산동2가,84.925,45111,전라북도 전주시 완산구,435.6785398881366
309,"27,000",2021,서신동,84.9,45111,전라북도 전주시 완산구,318.02120141342755
310,"16,800",2021,평화동1가,84.84,45111,전라북도 전주시 완산구,198.01980198019803
311,"5,700",2021,평화동1가,44.94,45111,전라북도 전주시 완산구,126.83578104138853
312,"9,350",2021,평화동1가,59.928,45111,전라북도 전주시 완산구,156.02055800293687
313,"5,900",2021,평화동1가,45.469,45111,전라북도 전주시 완산구,129.7587367217225
314,"2,800",2021,효자동1가,26.02,45111,전라북도 전주시 완산구,107.60953112990008
315,"45,000",2021,효자동3가,84.1415,45111,전라북도 전주시 완산구,534.8133798422895
316,"10,100",2021,진북동,59.78,45113,전라북도 전주시 덕진구,168.95282703245232
317,"9,250",2021,인후동1가,49.83,45113,전라북도 전주시 덕진구,185.63114589604658
318,"21,300",2021,인후동1가,84.8246,45113,전라북도 전주시 덕진구,251.10640073752188
319,"15,500",2021,인후동1가,79.55,45113,전라북도 전주시 덕진구,194.84600879949718
320,"13,000",2021,인후동2가,84.96,45113,전라북도 전주시 덕진구,153.01318267419964
321,"11,500",2021,금암동,84.48,45113,전라북도 전주시 덕진구,136.12689393939394
322,"8,800",2021,호성동1가,59.97,45113,전라북도 전주시 덕진구,146.7400366850092
323,"17,600",2021,송천동1가,84.99,45113,전라북도 전주시 덕진구,207.08318625720673
324,"28,000",2021,송천동2가,84.8772,45113,전라북도 전주시 덕진구,329.8883563548279
325,"9,100",2021,반월동,59.88,45113,전라북도 전주시 덕진구,151.97060788243152
326,"24,120",2021,대명동,84.9648,45130,전라북도 군산시,283.88226653861364
327,"18,000",2021,수송동,59.9958,45130,전라북도 군산시,300.0210014701029
328,"14,100",2021,나운동,84.84,45130,전라북도 군산시,166.1951909476662
329,"9,500",2021,나운동,59.73,45130,전라북도 군산시,159.0490540766784
330,"9,600",2021,나운동,59.95,45130,전라북도 군산시,160.13344453711426
331,"7,500",2021,나운동,59.91,45130,전라북도 군산시,125.18778167250878
332,"9,450",2021,미룡동,59.21,45130,전라북도 군산시,159.60141867927715
333,"11,000",2021,모현동1가,84.945,45140,전라북도 익산시,129.49555594796635
334,"13,000",2021,팔봉동,84.32,45140,전라북도 익산시,154.17457305502847
335,"9,000",2021,부송동,58.74,45140,전라북도 익산시,153.21756894790602
336,"8,900",2021,부송동,58.74,45140,전라북도 익산시,151.5151515151515
337,"12,800",2021,부송동,51.74,45140,전라북도 익산시,247.39080015461923
338,"7,850",2021,상동,49.77,45180,전라북도 정읍시,157.7255374723729
339,"2,970",2021,북면 화해리,43.78,45180,전라북도 정읍시,67.8391959798995
340,"5,550",2021,신풍동,47.31,45210,전라북도 김제시,117.31135066582118
341,"12,800",2021,신풍동,84.39,45210,전라북도 김제시,151.67673895011256
342,"13,500",2021,봉동읍 둔산리,59.9356,45710,전라북도 완주군,225.24175948851766
343,"11,500",2021,봉동읍 둔산리,84.9187,45710,전라북도 완주군,135.42364638177457
344,"35,500",2021,고창읍 읍내리,120.13,45790,전라북도 고창군,295.5131940397902
345,"12,250",2021,고창읍 교촌리,59.92,45790,전라북도 고창군,204.4392523364486
346,"8,000",2021,산정동,59.94,46110,전라남도 목포시,133.46680013346682
347,"11,800",2021,산정동,59.8469,46110,전라남도 목포시,197.16977821741813
348,"5,000",2021,연산동,37.67,46110,전라남도 목포시,132.73161667109105
349,"7,000",2021,상동,49.76,46110,전라남도 목포시,140.6752411575563
350,"4,300",2021,상동,38.64,46110,전라남도 목포시,111.28364389233954
351,"5,050",2021,상동,44.94,46110,전라남도 목포시,112.37205162438808
352,"19,900",2021,용해동,59.75,46110,전라남도 목포시,333.0543933054393
353,"18,000",2021,용해동,84.784,46110,전라남도 목포시,212.30420834119644
354,"14,500",2021,석현동,84.9514,46110,전라남도 목포시,170.68582742603417
355,"21,500",2021,석현동,74.878,46110,전라남도 목포시,287.13373754640884
356,"31,500",2021,옥암동,84.9066,46110,전라남도 목포시,370.99589431210296
357,"25,000",2021,여서동,119.77,46130,전라남도 여수시,208.73340569424732
358,"12,400",2021,문수동,68.34,46130,전라남도 여수시,181.44571261340357
359,"14,000",2021,문수동,84.76,46130,전라남도 여수시,165.1722510618216
360,"8,000",2021,학동,25.7409,46130,전라남도 여수시,310.7894440365333
361,"21,069",2021,신기동,47.1,46130,전라남도 여수시,447.3248407643312
362,"9,500",2021,돌산읍 우두리,59.85,46130,전라남도 여수시,158.73015873015873
363,"26,200",2021,가곡동,84.9675,46150,전라남도 순천시,308.35319386824375
364,"5,600",2021,조례동,37.388,46150,전라남도 순천시,149.78067829250028
365,"27,000",2021,해룡면 상삼리,84.9692,46150,전라남도 순천시,317.76220089161717
366,"37,300",2021,해룡면 상삼리,84.72,46150,전라남도 순천시,440.2738432483475
367,"6,700",2021,송월동,49.97,46170,전라남도 나주시,134.0804482689614
368,"3,600",2021,대호동,28.98,46170,전라남도 나주시,124.22360248447205
369,"32,000",2021,빛가람동,84.96,46170,전라남도 나주시,376.64783427495297
370,"41,500",2021,빛가람동,84.9977,46170,전라남도 나주시,488.2485055477972
371,"40,000",2021,빛가람동,84.9977,46170,전라남도 나주시,470.6009692026961
372,"53,500",2021,빛가람동,84.9802,46170,전라남도 나주시,629.558414783679
373,"6,100",2021,중동,49.95,46230,전라남도 광양시,122.12212212212212
374,"6,800",2021,중동,49.95,46230,전라남도 광양시,136.13613613613612
375,"7,300",2021,중동,39.86,46230,전라남도 광양시,183.1409934771701
376,"4,547",2021,중동,39.69,46230,전라남도 광양시,114.56286218190981
377,"3,450",2021,광영동,48.93,46230,전라남도 광양시,70.50889025137953
378,"12,000",2021,장흥읍 건산리,59.99,46800,전라남도 장흥군,200.03333888981496
379,"35,500",2021,장흥읍 원도리,118.64,46800,전라남도 장흥군,299.2245448415374
380,"18,500",2021,무안읍 성남리,84.8721,46840,전라남도 무안군,217.975047159196
381,"30,800",2021,삼향읍 남악리,84.7575,46840,전라남도 무안군,363.3896705306315
382,"32,500",2021,삼향읍 남악리,115.7575,46840,전라남도 무안군,280.75934604669243
383,"28,000",2021,삼향읍 남악리,84.6293,46840,전라남도 무안군,330.85468035302193
384,"20,000",2021,영광읍 교촌리,84.5851,46870,전라남도 영광군,236.4482633466178
385,"6,100",2021,영광읍 녹사리,39.54,46870,전라남도 영광군,154.27415275670208
386,"4,500",2021,상도동,45.99,47111,경상북도 포항시 남구,97.84735812133071
387,"16,500",2021,해도동,78.1025,47111,경상북도 포항시 남구,211.26084312281935
388,"29,850",2021,송도동,127.6748,47111,경상북도 포항시 남구,233.79711579732256
389,"27,700",2021,대잠동,84.8202,47111,경상북도 포항시 남구,326.5731512069059
390,"17,000",2021,득량동,59.6523,47113,경상북도 포항시 북구,284.9848203673622
391,"18,400",2021,학잠동,50.91,47113,경상북도 포항시 북구,361.4221174621882
392,"11,000",2021,학잠동,59.98,47113,경상북도 포항시 북구,183.39446482160722
393,"18,900",2021,용흥동,84.98,47113,경상북도 포항시 북구,222.40527182866555
394,"38,700",2021,창포동,84.693,47113,경상북도 포항시 북구,456.94449364174136
395,"20,000",2021,환호동,76.74,47113,경상북도 포항시 북구,260.62027625749283
396,"25,900",2021,흥해읍 초곡리,84.9684,47113,경상북도 포항시 북구,304.81920337443097
397,"9,500",2021,흥해읍 이인리,50.3,47113,경상북도 포항시 북구,188.86679920477138
398,"14,000",2021,충효동,84.954,47130,경상북도 경주시,164.79506556489395
399,"10,300",2021,황성동,84.12,47130,경상북도 경주시,122.44412743699476
400,"17,000",2021,시래동,84.8164,47130,경상북도 경주시,200.43293513990218
401,"6,500",2021,감포읍 감포리,63.1,47130,경상북도 경주시,103.01109350237718
402,"4,500",2021,안강읍 근계리,82.32,47130,경상북도 경주시,54.66472303206997
403,"20,000",2021,외동읍 입실리,84.8618,47130,경상북도 경주시,235.67730121208837
404,"3,700",2021,외동읍 모화리,59.84,47130,경상북도 경주시,61.831550802139034
405,"2,900",2021,신음동,59.83,47150,경상북도 김천시,48.47066688952031
406,"3,500",2021,부곡동,59.83,47150,경상북도 김천시,58.49908072873141
407,"6,300",2021,부곡동,59.79,47150,경상북도 김천시,105.3687907676869
408,"8,200",2021,부곡동,59.985,47150,경상북도 김천시,136.70084187713596
409,"37,000",2021,율곡동,75.036,47150,경상북도 김천시,493.09664694280076
410,"13,300",2021,안기동,84.97,47170,경상북도 안동시,156.52583264681653
411,"19,500",2021,송현동,84.994,47170,경상북도 안동시,229.4279596206791
412,"4,350",2021,도량동,41.85,47190,경상북도 구미시,103.9426523297491
413,"25,400",2021,봉곡동,84.69,47190,경상북도 구미시,299.91734561341366
414,"14,100",2021,형곡동,84.52,47190,경상북도 구미시,166.82442025556082
415,"4,000",2021,형곡동,64.26,47190,경상북도 구미시,62.24712107065048
416,"5,300",2021,형곡동,66,47190,경상북도 구미시,80.3030303030303
417,"2,000",2021,형곡동,24.75,47190,경상북도 구미시,80.8080808080808
418,"3,100",2021,형곡동,73.3925,47190,경상북도 구미시,42.23864836325237
419,"49,100",2021,송정동,137.1293,47190,경상북도 구미시,358.05622868343966
420,"6,500",2021,구평동,45.8895,47190,경상북도 구미시,141.64460279584654
421,"16,500",2021,구평동,81.1718,47190,경상북도 구미시,203.2725651026588
422,"8,800",2021,황상동,39.99,47190,경상북도 구미시,220.05501375343835
423,"27,000",2021,인의동,84.652,47190,경상북도 구미시,318.9528894769173
424,"5,800",2021,진평동,26.4449,47190,경상북도 구미시,219.32395282266145
425,"8,000",2021,옥계동,49.14,47190,경상북도 구미시,162.8001628001628
426,"4,900",2021,해평면 낙성리,59.925,47190,경상북도 구미시,81.76887776387152
427,"3,500",2021,휴천동,56.34,47210,경상북도 영주시,62.12282570110046
428,"12,800",2021,휴천동,75.33,47210,경상북도 영주시,169.91902296561796
429,"9,600",2021,가흥동,45.32,47210,경상북도 영주시,211.8270079435128
430,"19,500",2021,가흥동,84.5176,47210,경상북도 영주시,230.72117523450737
431,"8,000",2021,가흥동,59.46,47210,경상북도 영주시,134.54423141607802
432,"12,900",2021,야사동,69.0021,47230,경상북도 영천시,186.9508319312021
433,"12,900",2021,야사동,69.0021,47230,경상북도 영천시,186.9508319312021
434,"25,219",2021,완산동,84.9631,47230,경상북도 영천시,296.822973738011
435,"15,500",2021,냉림동,76.0589,47250,경상북도 상주시,203.78943161155368
436,"20,000",2021,낙양동,59.974,47250,경상북도 상주시,333.4778403975056
437,"7,000",2021,낙양동,39.99,47250,경상북도 상주시,175.04376094023505
438,"8,300",2021,신봉동,59.99,47250,경상북도 상주시,138.356392732122
439,"10,000",2021,신봉동,84.83,47250,경상북도 상주시,117.88282447247437
440,"11,900",2021,옥산동,53.82,47290,경상북도 경산시,221.1073950204385
441,"9,100",2021,계양동,31.98,47290,경상북도 경산시,284.5528455284553
442,"10,500",2021,하양읍 동서리,59.97,47290,경상북도 경산시,175.08754377188595
443,"38,500",2021,압량읍 신대리,84.7934,47290,경상북도 경산시,454.04477235256513
444,"17,900",2021,왜관읍 왜관리,84.995,47850,경상북도 칠곡군,210.6006235660921
445,"19,800",2021,왜관읍 석전리,68.2596,47850,경상북도 칠곡군,290.06908918305993
446,"17,800",2021,석적읍 중리,84.994,47850,경상북도 칠곡군,209.4265477563122
447,"7,300",2021,약목면 복성리,84.94,47850,경상북도 칠곡군,85.94301860136567
448,950,2021,약목면 관호리,31.62,47850,경상북도 칠곡군,30.04427577482606
449,"9,300",2021,기산면 죽전리,59.9375,47850,경상북도 칠곡군,155.1616266944734
450,"35,400",2021,산호동,84.9985,48125,경상남도 창원시 마산합포구,416.47793784596195
451,"8,400",2021,자산동,59.91,48125,경상남도 창원시 마산합포구,140.21031547320982
452,"25,300",2021,석전동,38.828,48127,경상남도 창원시 마산회원구,651.5916349026476
453,"23,000",2021,양덕동,84.9365,48127,경상남도 창원시 마산회원구,270.79053175018987
454,"6,500",2021,합성동,44.53,48127,경상남도 창원시 마산회원구,145.9690096564114
455,"31,000",2021,내서읍 호계리,103.932,48127,경상남도 창원시 마산회원구,298.27194704229686
456,"17,500",2021,내서읍 삼계리,75.88,48127,경상남도 창원시 마산회원구,230.62730627306274
457,"11,500",2021,내서읍 삼계리,59.99,48127,경상남도 창원시 마산회원구,191.69861643607268
458,"13,900",2021,칠암동,82.56,48170,경상남도 진주시,168.3624031007752
459,"17,000",2021,신안동,59.8,48170,경상남도 진주시,284.2809364548495
460,"17,900",2021,평거동,59.8,48170,경상남도 진주시,299.33110367892976
461,"26,500",2021,내동면 독산리,84.9499,48170,경상남도 진주시,311.94857204069694
462,"20,000",2021,정량동,73.67,48220,경상남도 통영시,271.48092846477533
463,"15,900",2021,무전동,84.9669,48220,경상남도 통영시,187.13169481292127
464,"5,470",2021,봉평동,42.55,48220,경상남도 통영시,128.55464159811987
465,"20,700",2021,동금동,59.8452,48240,경상남도 사천시,345.89240239818736
466,"8,100",2021,용강동,55.44,48240,경상남도 사천시,146.10389610389612
467,"14,500",2021,향촌동,84.8279,48240,경상남도 사천시,170.9343270315545
468,"17,500",2021,향촌동,84.67,48240,경상남도 사천시,206.68477618991378
469,"30,700",2021,사남면 월성리,140.619,48240,경상남도 사천시,218.32042611595872
470,"16,500",2021,용현면 덕곡리,84.9755,48240,경상남도 사천시,194.17361474778025
471,"3,500",2021,곤양면 송전리,59.62,48240,경상남도 사천시,58.705132505870516
472,"9,000",2021,동상동,44.52,48250,경상남도 김해시,202.15633423180591
473,"22,500",2021,구산동,59.8434,48250,경상남도 김해시,375.9813112222902
474,"42,000",2021,내동,164.79,48250,경상남도 김해시,254.8698343346077
475,"20,000",2021,외동,84.94,48250,경상남도 김해시,235.46032493524842
476,"15,300",2021,무계동,59.9,48250,경상남도 김해시,255.42570951585978
477,"15,800",2021,진영읍 진영리,59.9769,48250,경상남도 김해시,263.4347557142833
478,"15,800",2021,진영읍 진영리,59.9769,48250,경상남도 김해시,263.4347557142833
479,"33,000",2021,내이동,84.7996,48270,경상남도 밀양시,389.1527790225426
480,"8,400",2021,삼문동,39.69,48270,경상남도 밀양시,211.64021164021165
481,"5,300",2021,하남읍 수산리,59.36,48270,경상남도 밀양시,89.28571428571429
482,"9,000",2021,옥포동,48.0429,48310,경상남도 거제시,187.33257151420915
483,"42,300",2021,장평동,84.9838,48310,경상남도 거제시,497.7419225781855
484,"26,000",2021,문동동,84.9106,48310,경상남도 거제시,306.20440793022306
485,"22,000",2021,문동동,74.1494,48310,경상남도 거제시,296.6982875114296
486,"24,000",2021,신기동,70.611,48330,경상남도 양산시,339.8903853507244
487,"10,000",2021,평산동,59.6913,48330,경상남도 양산시,167.52860132046044
488,"13,800",2021,덕계동,59.97,48330,경상남도 양산시,230.1150575287644
489,"32,000",2021,물금읍 가촌리,70.0348,48330,경상남도 양산시,456.91570476391735
490,"15,000",2021,거창읍 가지리,84.9841,48880,경상남도 거창군,176.5036047919552
491,"15,800",2021,거창읍 가지리,84.978,48880,경상남도 거창군,185.9304761232319
